{
  "layout_id": "abnt",
  "per_key_tweaks": {
    "abnt2slash": {
      "dx": 75.4365217391304,
      "dy": -11.842105263157919,
      "inset": 0.06,
      "sx": 1.1533913043478266,
      "sy": 1.131578947368422
    }
  }
}