{
  "layout_id": "ansi",
  "per_key_tweaks": {
    "0": {
      "dx": 55.220869565217264,
      "dy": -27.192982456140363,
      "inset": 0.06,
      "sx": 1.1533913043478266,
      "sy": 1.0877192982456143
    },
    "1": {
      "dx": -30.18434782608695,
      "dy": -27.192982456140356,
      "inset": 0.06,
      "sx": 1.1314782608695648,
      "sy": 1.1535087719298247
    },
    "2": {
      "dx": -22.789565217391328,
      "dy": -27.192982456140356,
      "inset": 0.06,
      "sx": 1.1533913043478266,
      "sy": 1.0877192982456143
    },
    "3": {
      "dx": -14.27130434782606,
      "dy": -27.192982456140356,
      "inset": 0.06,
      "sx": 1.1533913043478266,
      "sy": 1.0877192982456143
    },
    "4": {
      "dx": -3.9443478260869824,
      "dy": -27.192982456140356,
      "inset": 0.06,
      "sx": 1.1095652173913038,
      "sy": 1.0877192982456136
    },
    "5": {
      "dx": 7.012173913043398,
      "dy": -27.192982456140342,
      "inset": 0.06,
      "sx": 1.1753043478260863,
      "sy": 1.1315789473684212
    },
    "6": {
      "dx": 16.65391304347827,
      "dy": -27.192982456140356,
      "inset": 0.06,
      "sx": 1.1533913043478266,
      "sy": 1.0877192982456143
    },
    "7": {
      "dx": 26.295652173913027,
      "dy": -27.192982456140356,
      "inset": 0.06,
      "sx": 1.1533913043478266,
      "sy": 1.0877192982456143
    },
    "8": {
      "dx": 35.499130434782614,
      "dy": -27.192982456140356,
      "inset": 0.06,
      "sx": 1.1533913043478266,
      "sy": 1.0877192982456143
    },
    "9": {
      "dx": 46.017391304347825,
      "dy": -27.192982456140356,
      "inset": 0.06,
      "sx": 1.1533913043478266,
      "sy": 1.1535087719298247
    },
    "a": {
      "dx": -20.598260869565223,
      "dy": -17.54385964912285,
      "inset": 0.06,
      "sx": 1.1533913043478266,
      "sy": 1.0877192982456143
    },
    "b": {
      "dx": 26.141739130434757,
      "dy": -11.842105263157919,
      "inset": 0.06,
      "sx": 1.1533913043478266,
      "sy": 1.0877192982456143
    },
    "backspace": {
      "dx": 89.4052173913044,
      "dy": -27.192982456140356,
      "inset": 0.06,
      "sx": 1.183458038422649,
      "sy": 1.1096491228070176
    },
    "bslash": {
      "dx": 92.47304347826093,
      "dy": -23.245614035087726,
      "inset": 0.06,
      "sx": 1.0929644268774705,
      "sy": 1.1096491228070178
    },
    "c": {
      "dx": 6.573913043478228,
      "dy": -11.842105263157919,
      "inset": 0.06,
      "sx": 1.1533913043478257,
      "sy": 1.1754385964912266
    },
    "caps": {
      "dx": -31.11652173913044,
      "dy": -17.543859649122822,
      "inset": 0.06,
      "sx": 1.1126956521739129,
      "sy": 1.1096491228070178
    },
    "comma": {
      "dx": 55.22086956521741,
      "dy": -11.842105263157919,
      "inset": 0.06,
      "sx": 1.1533913043478266,
      "sy": 1.0877192982456143
    },
    "d": {
      "dx": 0,
      "dy": -17.54385964912285,
      "inset": 0.06,
      "sx": 1.1533913043478266,
      "sy": 1.0877192982456143
    },
    "del": {
      "dx": -44.632173913043495,
      "dy": -32.07017543859649,
      "inset": 0.06,
      "sx": 1.2281086956521747,
      "sy": 0.6362938596491227
    },
    "dot": {
      "dx": 67.69913043478257,
      "dy": -11.842105263157805,
      "inset": 0.06,
      "sx": 1.2410434782608717,
      "sy": 1.1973684210526314
    },
    "down": {
      "dx": 42.511304347826126,
      "dy": 46.49122807017545,
      "inset": 0.06,
      "sx": 1.3569309462915606,
      "sy": 1.2796697626418994
    },
    "e": {
      "dx": -6.1356521739130585,
      "dy": -23.245614035087726,
      "inset": 0.06,
      "sx": 1.1533913043478266,
      "sy": 1.0877192982456143
    },
    "end": {
      "dx": 40.58260869565215,
      "dy": -32.070175438596486,
      "inset": 0.06,
      "sx": 1.044,
      "sy": 0.65
    },
    "enter": {
      "dx": 94.22608695652161,
      "dy": -17.543859649122822,
      "inset": 0.06,
      "sx": 1.2144680851063827,
      "sy": 1.043859649122807
    },
    "equal": {
      "dx": 74.55739130434768,
      "dy": -27.192982456140356,
      "inset": 0.06,
      "sx": 1.1533913043478266,
      "sy": 1.0877192982456143
    },
    "esc": {
      "dx": -31.55478260869565,
      "dy": -3.0701754385964932,
      "inset": 0.06,
      "sx": 1.1947826086956521,
      "sy": 0.7420020639834879
    },
    "f": {
      "dx": 9.06782608695653,
      "dy": -17.543859649122794,
      "inset": 0.06,
      "sx": 1.1533913043478266,
      "sy": 1.1315789473684212
    },
    "f1": {
      "dx": -38.18434782608695,
      "dy": -3.0701754385964897,
      "inset": 0.06,
      "sx": 1.2062404092071615,
      "sy": 0.6904024767801857
    },
    "f10": {
      "dx": 47.08521739130443,
      "dy": -3.0701754385964968,
      "inset": 0.06,
      "sx": 1.2062404092071621,
      "sy": 0.7162022703818368
    },
    "f11": {
      "dx": 53.699130434782546,
      "dy": -3.0701754385964932,
      "inset": 0.06,
      "sx": 1.2062404092071588,
      "sy": 0.6388028895768831
    },
    "f12": {
      "dx": 67.4365217391304,
      "dy": -3.0701754385964932,
      "inset": 0.06,
      "sx": 1.2320204603580578,
      "sy": 0.6646026831785342
    },
    "f2": {
      "dx": -24.542608695652177,
      "dy": -3.0701754385964897,
      "inset": 0.06,
      "sx": 1.3093606138107414,
      "sy": 0.6904024767801855
    },
    "f3": {
      "dx": -10.27130434782606,
      "dy": -3.070175438596486,
      "inset": 0.06,
      "sx": 1.232020460358056,
      "sy": 0.6646026831785347
    },
    "f4": {
      "dx": 0,
      "dy": -3.070175438596486,
      "inset": 0.06,
      "sx": 1.257800511508952,
      "sy": 0.6646026831785347
    },
    "f5": {
      "dx": -2.9321739130434707,
      "dy": -3.0701754385964932,
      "inset": 0.06,
      "sx": 1.1804603580562665,
      "sy": 0.6388028895768834
    },
    "f6": {
      "dx": 10.805217391304305,
      "dy": -3.0701754385964932,
      "inset": 0.06,
      "sx": 1.1804603580562665,
      "sy": 0.6646026831785344
    },
    "f7": {
      "dx": 21.913043478260857,
      "dy": -3.0701754385964932,
      "inset": 0.06,
      "sx": 1.154680306905369,
      "sy": 0.6904024767801857
    },
    "f8": {
      "dx": 31.088695652173975,
      "dy": -3.0701754385964932,
      "inset": 0.06,
      "sx": 1.232020460358056,
      "sy": 0.7420020639834888
    },
    "f9": {
      "dx": 32.69043478260869,
      "dy": -3.0701754385964932,
      "inset": 0.06,
      "sx": 1.2062404092071604,
      "sy": 0.6904024767801857
    },
    "fn": {
      "dx": -28.48695652173913,
      "dy": -4.605263157894683,
      "inset": 0.06,
      "sx": 1.153391304347826,
      "sy": 1.2412280701754383
    },
    "g": {
      "dx": 16.805217391304325,
      "dy": -17.543859649122822,
      "inset": 0.06,
      "sx": 1.1533913043478266,
      "sy": 1.0877192982456143
    },
    "grave": {
      "dx": -33.55478260869565,
      "dy": -27.192982456140356,
      "inset": 0.06,
      "sx": 0.9123478260869564,
      "sy": 1.1754385964912282
    },
    "h": {
      "dx": 28.925217391304386,
      "dy": -17.543859649122822,
      "inset": 0.06,
      "sx": 1.1533913043478266,
      "sy": 1.0877192982456143
    },
    "home": {
      "dx": 26.789565217391292,
      "dy": -32.070175438596486,
      "inset": 0.06,
      "sx": 1.032,
      "sy": 0.65
    },
    "i": {
      "dx": 42.69043478260869,
      "dy": -23.245614035087726,
      "inset": 0.06,
      "sx": 1.1533913043478266,
      "sy": 1.0877192982456143
    },
    "j": {
      "dx": 37.252173913043464,
      "dy": -17.543859649122794,
      "inset": 0.06,
      "sx": 1.1095652173913038,
      "sy": 1.0877192982456136
    },
    "k": {
      "dx": 46.89391304347828,
      "dy": -17.543859649122794,
      "inset": 0.06,
      "sx": 1.1533913043478266,
      "sy": 1.0877192982456143
    },
    "l": {
      "dx": 56.973913043478206,
      "dy": -17.543859649122794,
      "inset": 0.06,
      "sx": 1.1533913043478266,