{
  "layout_id": "iso",
  "per_key_tweaks": {
    "menu": {
      "dx": 0.43826086956516974,
      "dy": -4.605263157894683,
      "inset": 0.06,
      "sx": 0.9474086956521751,
      "sy": 1.2412280701754383
    },
    "nonusbackslash": {
      "dx": -13.434782608695627,
      "dy": -11.842105263157862,
      "inset": 0.06,
      "sx": 1.1533913043478266,
      "sy": 1.0877192982456143
    },
    "nonushash": {
      "dx": 76.25739130434782,
      "dy": -17.543859649122822,
      "inset": 0.06,
      "sx": 1.1533913043478266,
      "sy": 1.0877192982456143
    },
    "rctrl": {
      "dx": 0.0,
      "dy": -4.605263157894658,
      "inset": 0.06,
      "sx": 1.0,
      "sy": 1.3070175438596494
    }
  }
}