{
  "layout_id": "jis",
  "per_key_tweaks": {
    "henkan": {
      "dx": 0.43826086956516974,
      "dy": -4.824561403508792,
      "inset": 0.06,
      "sx": 0.9474086956521751,
      "sy": 1.2412280701754383
    },
    "jp_at": {
      "dx": 81.07826086956516,
      "dy": -23.245614035087726,
      "inset": 0.06,
      "sx": 1.1533913043478266,
      "sy": 1.0877192982456143
    },
    "jp_colon": {
      "dx": 76.25739130434782,
      "dy": -17.543859649122822,
      "inset": 0.06,
      "sx": 1.1533913043478266,
      "sy": 1.0877192982456143
    },
    "jp_ro": {
      "dx": 75.4365217391304,
      "dy": -11.842105263157919,
      "inset": 0.06,
      "sx": 1.1533913043478266,
      "sy": 1.131578947368422
    },
    "katakana": {
      "dx": 0.43826086956516974,
      "dy": -4.824561403508792,
      "inset": 0.06,
      "sx": 0.9474086956521751,
      "sy": 1.2412280701754383
    },
    "menu": {
      "dx": 0.43826086956516974,
      "dy": -4.605263157894683,
      "inset": 0.06,
      "sx": 0.9474086956521751,
      "sy": 1.2412280701754383
    },
    "muhenkan": {
      "dx": -14.462608695652175,
      "dy": -4.82456140350871,
      "inset": 0.06,
      "sx": 0.9123478260869564,
      "sy": 1.1973684210526314
    },
    "rctrl": {
      "dx": 0.0,
      "dy": -4.605263157894658,
      "inset": 0.06,
      "sx": 1.0,
      "sy": 1.3070175438596494
    },
    "yen": {
      "dx": 74.55739130434768,
      "dy": -27.192982456140356,
      "inset": 0.06,
      "sx": 1.1533913043478266,
      "sy": 1.0877192982456143
    }
  }
}