{
  "layout_id": "ks",
  "per_key_tweaks": {
    "hangul": {
      "dx": 0.43826086956516974,
      "dy": -4.824561403508792,
      "inset": 0.06,
      "sx": 0.9474086956521751,
      "sy": 1.2412280701754383
    },
    "hanja": {
      "dx": -14.462608695652175,
      "dy": -4.82456140350871,
      "inset": 0.06,
      "sx": 0.9123478260869564,
      "sy": 1.1973684210526314
    },
    "ks_extra": {
      "dx": 74.55739130434768,
      "dy": -27.192982456140356,
      "inset": 0.06,
      "sx": 1.1533913043478266,
      "sy": 1.0877192982456143
    }
  }
}